supervoxel_id,root_id,pos_x,pos_y,pos_z,soma_x,soma_y,soma_z,nucleus_id,flow,super_class,cell_class,cell_sub_class,supertype,cell_type,hemibrain_type,ito_lee_hemilineage,hartenstein_hemilineage,top_nt,top_nt_conf,known_nt,known_nt_source,side,nerve,vfb_id,fbbt_id,status,dimorphism,matching_notes,fru_dsx,synonyms
80715079942925245,720575940630166267,147233.0,38262.0,779.0,147072.0,46256.0,350.0,5716098.0,intrinsic,central,DAN,,92324.0,PAM06,PAM06,CREa2_medial,DALcm1_medial,dopamine,0.7506175247073125,dopamine,Mao & Davis 2009 (immuno),right,,fw000428,,,isomorphic,,fru_backfilled,
80714873784264206,720575940636659886,146912.0,34976.0,751.0,146912.0,34976.0,751.0,5652505.0,intrinsic,central,DAN,,107986.0,PAM02,PAM02,CREa2_medial,DALcm1_medial,dopamine,0.7737345173870552,dopamine; dopamine,Mao & Davis 2009 (immuno); Aso et al. 2019 (scRNA-seq),right,,fw000489,FBbt_00111016,,isomorphic,,fru,Cachero 2010: aSP-d;Yu 2010: aSP13
80715079942841029,720575940624661031,146936.0,38280.0,695.0,146936.0,38280.0,695.0,5652716.0,intrinsic,central,DAN,,36624.0,PAM10,PAM10,CREa1_dorsal,BAmd1_dorsal,dopamine,0.832978275905427,dopamine; dopamine,Mao & Davis 2009 (immuno); Aso et al. 2019 (scRNA-seq),right,,fw000490,FBbt_00110994,,isomorphic,,,
80152885903596673,720575940618910075,138416.0,49008.0,561.0,138416.0,49008.0,561.0,5026068.0,intrinsic,central,DAN,,63391.0,PAM02,PAM02,CREa1_dorsal,BAmd1_dorsal,dopamine,0.684795192839001,dopamine,Mao & Davis 2009 (immuno),right,,fw000569,FBbt_00111018,,isomorphic,,fru_backfilled,
80082517159433744,720575940604861356,137576.0,48904.0,587.0,137576.0,48904.0,587.0,5025818.0,intrinsic,central,DAN,,55210.0,PAM12,PAM12,CREa1_dorsal,BAmd1_dorsal,dopamine,0.8877021448096556,dopamine; dopamine,Mao & Davis 2009 (immuno); Aso et al. 2019 (scRNA-seq),right,,fw000570,FBbt_00100230,,isomorphic,,fru,Cachero 2010: aDT-b;Yu 2010: aDT2
80644161577357314,720575940619245016,145717.0,29746.0,1860.0,165528.0,41472.0,4688.0,7074675.0,intrinsic,central,DAN,,,PPL107,PPL107,putative_primary,putative_primary,dopamine,0.8048623659833636,dopamine; dopamine,"Mao & Davis 2009 (immuno); Niens et al., 2017 (immuno)",right,,fw000572,,,isomorphic,,,
80151717672401292,720575940630868271,139080.0,32256.0,757.0,139080.0,32256.0,757.0,4932684.0,intrinsic,central,DAN,,114661.0,PAM11,PAM11,CREa2_medial,DALcm1_medial,dopamine,0.8396294630923246,dopamine; dopamine,Mao & Davis 2009 (immuno),right,,fw000657,FBbt_00111022,outlier_seg,isomorphic,,,
80715217381725381,720575940630076887,147135.0,40020.0,623.0,147968.0,40776.0,512.0,5656331.0,intrinsic,central,DAN,,47196.0,PAM08,PAM08,CREa2_medial,DALcm1_medial,dopamine,0.8776978311680012,dopamine,Mao & Davis 2009 (immuno),right,,fw001507,,,isomorphic,,fru,Cachero 2010: aSP-d;Yu 2010: aSP13
80785448687061213,720575940620341931,147686.0,38235.0,778.0,150256.0,41216.0,602.0,6337318.0,intrinsic,central,DAN,,47196.0,PAM07,PAM07,CREa2_medial,DALcm1_medial,dopamine,0.9257519168225132,dopamine; dopamine,Mao & Davis 2009 (immuno); Aso et al. 2019 (scRNA-seq),right,,fw001885,FBbt_00111019,,isomorphic,,fru,Cachero 2010: aSP-d;Yu 2010: aSP13
82403586675677875,720575940623082665,171568.0,32960.0,4331.0,171568.0,32960.0,4331.0,7067155.0,intrinsic,central,DAN,,,PPL105,PPL105,putative_primary,putative_primary,dopamine,0.8450701078273591,"dopamine; dopamine; dopamine, sNPF","Mao & Davis 2009 (immuno); Niens et al., 2017 (immuno); Aso et al. 2019 (scRNA-seq)",right,,fw002231,FBbt_00100236,,isomorphic,,,
80785448687058393,720575940649675897,147573.0,38315.0,779.0,147976.0,40344.0,560.0,5656172.0,intrinsic,central,DAN,,61360.0,PAM12,PAM12,CREa2_medial,DALcm1_medial,dopamine,0.8506364947903688,dopamine; dopamine,Mao & Davis 2009 (immuno); Aso et al. 2019 (scRNA-seq),right,,fw002908,FBbt_00100230,,isomorphic,,fru,Cachero 2010: aSP-d;Yu 2010: aSP13
80715079942914697,720575940619506993,147232.0,38389.0,779.0,147824.0,48040.0,339.0,5716364.0,intrinsic,central,DAN,,92324.0,PAM06,PAM06,CREa2_medial,DALcm1_medial,dopamine,0.7559446785446406,"dopamine; dopamine, nitric oxide",Mao & Davis 2009 (immuno); Aso et al. 2019 (scRNA-seq),right,,fw003066,,,isomorphic,,fru,Cachero 2010: aSP-d;Yu 2010: aSP13
81841186544888878,720575940615750562,163536.0,40792.0,4640.0,163536.0,40792.0,4640.0,6749530.0,intrinsic,central,DAN,,,PPL108,PPL108,putative_primary,putative_primary,dopamine,0.6146028872862993,dopamine; dopamine,"Mao & Davis 2009 (immuno); Niens et al., 2017 (immuno)",right,,fw004150,,,isomorphic,,,
80715148662241292,720575940619917248,146559.0,39496.0,623.0,144736.0,41256.0,416.0,5648109.0,intrinsic,central,DAN,,92324.0,PAM05,PAM05,CREa2_medial,DALcm1_medial,dopamine,0.7765802776899824,"dopamine; dopamine, nitric oxide",Mao & Davis 2009 (immuno); Aso et al. 2019 (scRNA-seq),right,,fw004446,FBbt_00111017,,isomorphic,,fru,Cachero 2010: aSP-d;Yu 2010: aSP13
80222704824772451,720575940610430254,139536.0,40960.0,408.0,139536.0,40960.0,408.0,4978911.0,intrinsic,central,DAN,,39617.0,PAM07,PAM07,CREa1_dorsal,BAmd1_dorsal,dopamine,0.9044422879958453,dopamine; dopamine,Mao & Davis 2009 (immuno); Aso et al. 2019 (scRNA-seq),right,,fw004526,FBbt_00111019,,isomorphic,,fru,Cachero 2010: aDT-b;Yu 2010: aDT2
80785311247937055,720575940620423533,147808.0,35728.0,756.0,147808.0,35728.0,756.0,5655996.0,intrinsic,central,DAN,,28434.0,PAM10,PAM10,CREa2_medial,DALcm1_medial,dopamine,0.8636208568606886,dopamine; dopamine,Mao & Davis 2009 (immuno); Aso et al. 2019 (scRNA-seq),right,,fw005178,FBbt_00110994,,isomorphic,,,
80293623391914003,720575940622944403,140664.0,49408.0,539.0,140664.0,49408.0,539.0,5713918.0,intrinsic,central,DAN,,115868.0,PAM13,PAM13,CREa1_dorsal,BAmd1_dorsal,dopamine,0.8535962229247948,dopamine,Mao & Davis 2009 (immuno),right,,fw005374,FBbt_00111023,,isomorphic,,,
80363442313141954,720575940620497217,141360.0,40744.0,403.0,141360.0,40744.0,403.0,5645340.0,intrinsic,central,DAN,,63391.0,PAM02,PAM02,CREa1_dorsal,BAmd1_dorsal,dopamine,0.8381575358124752,dopamine; dopamine,Mao & Davis 2009 (immuno); Aso et al. 2019 (scRNA-seq),right,,fw006081,FBbt_00111016,,isomorphic,,fru_backfilled,
80223185861200281,720575940619301185,139440.0,48456.0,464.0,139440.0,48456.0,464.0,5026280.0,intrinsic,central,DAN,,115868.0,PAM14,PAM14,CREa1_dorsal,BAmd1_dorsal,dopamine,0.9059793418368732,dopamine,Mao & Davis 2009 (immuno),right,,fw006296,FBbt_00111024,,isomorphic,,,
80715079942931381,720575940606909826,147223.0,38357.0,778.0,147640.0,47200.0,344.0,5716298.0,intrinsic,central,DAN,,74856.0,PAM01,PAM01,CREa2_medial,DALcm1_medial,dopamine,0.9239162117662156,"dopamine; dopamine, nitric oxide",Mao & Davis 2009 (immuno); Aso et al. 2019 (scRNA-seq),right,,fw006539,,,isomorphic,,fru_backfilled,
80293623324823536,720575940631222841,141008.0,48944.0,387.0,141008.0,48944.0,387.0,5713970.0,intrinsic,central,DAN,,55210.0,PAM12,PAM12,CREa1_dorsal,BAmd1_dorsal,dopamine,0.9048670059769166,dopamine; dopamine,Mao & Davis 2009 (immuno); Aso et al. 2019 (scRNA-seq),right,,fw006709,FBbt_00100230,,isomorphic,,fru,Cachero 2010: aDT-b;Yu 2010: aDT2
80715079942927356,720575940628996455,147067.0,37674.0,779.0,147264.0,39224.0,649.0,5654301.0,intrinsic,central,DAN,,28434.0,PAM09,PAM09,CREa2_medial,DALcm1_medial,dopamine,0.8541540039841425,dopamine,Mao & Davis 2009 (immuno),right,,fw006890,FBbt_00111021,,isomorphic,,,
80293623324830990,720575940628836412,140232.0,49000.0,407.0,140232.0,49000.0,407.0,5713828.0,intrinsic,central,DAN,,55210.0,PAM08,PAM08,CREa1_dorsal,BAmd1_dorsal,dopamine,0.9173138550735844,dopamine,Mao & Davis 2009 (immuno),right,,fw007312,FBbt_00111020,,isomorphic,,fru_backfilled,
80503836539731589,720575940631758393,143734.0,36457.0,2622.0,165536.0,40584.0,4819.0,7074558.0,intrinsic,central,DAN,,,PPL103,PPL103,putative_primary,putative_primary,dopamine,0.803390416304107,"dopamine; dopamine; dopamine, nitric oxide","Mao & Davis 2009 (immuno); Niens et al., 2017 (immuno); Aso et al. 2019 (scRNA-seq)",right,,fw007653,FBbt_00100241,,isomorphic,,,
80785586125858067,720575940643542688,147568.0,39792.0,593.0,147568.0,39792.0,593.0,5655470.0,intrinsic,central,DAN,,103433.0,PAM14,PAM14,CREa2_medial,DALcm1_medial,dopamine,0.8889043241302372,dopamine,Mao & Davis 2009 (immuno),right,,fw008045,FBbt_00111024,,isomorphic,,,
80223117141705663,720575940630536441,139352.0,47664.0,448.0,139352.0,47664.0,448.0,5026272.0,intrinsic,central,DAN,,55210.0,PAM12,PAM12,CREa1_dorsal,BAmd1_dorsal,dopamine,0.8677174740733499,dopamine; dopamine,Mao & Davis 2009 (immuno); Aso et al. 2019 (scRNA-seq),right,,fw008115,FBbt_00100230,,isomorphic,,fru,Cachero 2010: aDT-b;Yu 2010: aDT2
80785448687064276,720575940629564286,147410.0,38316.0,779.0,149152.0,40856.0,564.0,6332361.0,intrinsic,central,DAN,,47196.0,PAM08,PAM08,CREa2_medial,DALcm1_medial,dopamine,0.8362816014320664,dopamine,Mao & Davis 2009 (immuno),right,,fw008483,,,isomorphic,,fru,Cachero 2010: aSP-d;Yu 2010: aSP13
80574617265131945,720575940624442564,144448.0,41920.0,385.0,144448.0,41920.0,385.0,5715283.0,intrinsic,central,DAN,,36624.0,PAM09,PAM09,CREa1_dorsal,BAmd1_dorsal,dopamine,0.7351686191551697,dopamine,Mao & Davis 2009 (immuno),right,,fw009069,FBbt_00111021,,isomorphic,,,
80363992069099016,720575940633832628,142248.0,49168.0,439.0,142248.0,49168.0,439.0,5714409.0,intrinsic,central,DAN,,63391.0,PAM01,PAM01,CREa1_dorsal,BAmd1_dorsal,dopamine,0.8836005713425032,"dopamine; dopamine, nitric oxide",Mao & Davis 2009 (immuno); Aso et al. 2019 (scRNA-seq),right,,fw009226,,,isomorphic,,fru,Cachero 2010: aDT-b;Yu 2010: aDT2
80223048422196767,720575940617903643,139240.0,46456.0,423.0,139240.0,46456.0,423.0,5026246.0,intrinsic,central,DAN,,49043.0,PAM08,PAM08,CREa1_dorsal,BAmd1_dorsal,dopamine,0.8141019542411408,dopamine,Mao & Davis 2009 (immuno),right,,fw009438,,,isomorphic,,fru_backfilled,
80504523398920642,720575940634652523,143488.0,46032.0,350.0,143488.0,46032.0,350.0,5714852.0,intrinsic,central,DAN,,72601.0,PAM03,PAM03,CREa1_dorsal,BAmd1_dorsal,dopamine,0.7451253998768131,dopamine,Mao & Davis 2009 (immuno),right,,fw005976,FBbt_00100231,,isomorphic,,,
80223048422158744,720575940620938150,140160.0,46576.0,398.0,140160.0,46576.0,398.0,5713829.0,intrinsic,central,DAN,,115868.0,PAM13,PAM13,CREa1_dorsal,BAmd1_dorsal,dopamine,0.6859242267500607,dopamine,Mao & Davis 2009 (immuno),right,,fw012226,FBbt_00111023,,isomorphic,,,
80363717191038895,720575940611918578,141744.0,45624.0,347.0,141744.0,45624.0,347.0,5714070.0,intrinsic,central,DAN,,55210.0,PAM08,PAM08,CREa1_dorsal,BAmd1_dorsal,dopamine,0.933497984747473,dopamine,Mao & Davis 2009 (immuno),right,,fw012759,,,isomorphic,,fru_backfilled,
80504523398976947,720575940641509595,143296.0,46504.0,395.0,143296.0,46504.0,395.0,5714784.0,intrinsic,central,DAN,,72601.0,PAM03,PAM03,CREa1_dorsal,BAmd1_dorsal,dopamine,0.8820886818921635,dopamine,Mao & Davis 2009 (immuno),right,,fw012872,FBbt_00100231,,isomorphic,,,
79940886452374334,720575940617691170,136102.0,36130.0,1828.0,164056.0,39984.0,4682.0,6749686.0,intrinsic,central,DAN,,,PPL101,PPL101,putative_primary,putative_primary,dopamine,0.8564010948093649,"dopamine; dopamine; dopamine, nitric oxide","Mao & Davis 2009 (immuno); Niens et al., 2017 (immuno); Aso et al. 2019 (scRNA-seq)",right,,fw013269,FBbt_00100243,,isomorphic,,,
79800217548961735,720575940633515490,133112.0,37272.0,710.0,133112.0,37272.0,710.0,4961022.0,intrinsic,central,DAN,,72601.0,PAM06,PAM06,CREa1_dorsal,BAmd1_dorsal,dopamine,0.7988291631748634,dopamine,Mao & Davis 2009 (immuno),right,,fw013829,,,isomorphic,,fru_backfilled,
80434223374328072,720575940637109214,143048.0,47712.0,438.0,143048.0,47712.0,438.0,5714695.0,intrinsic,central,DAN,,72601.0,PAM03,PAM03,CREa1_dorsal,BAmd1_dorsal,dopamine,0.8860108103628448,dopamine,Mao & Davis 2009 (immuno),right,,fw014056,FBbt_00100231,,isomorphic,,,
80434085935231267,720575940621082996,142688.0,45248.0,356.0,142688.0,45248.0,356.0,5714562.0,intrinsic,central,DAN,,72601.0,PAM06,PAM06,CREa1_dorsal,BAmd1_dorsal,dopamine,0.8418568578319313,dopamine,Mao & Davis 2009 (immuno),right,,fw014314,,,isomorphic,,fru_backfilled,
80434223374201685,720575940608442633,143040.0,47128.0,349.0,143040.0,47128.0,349.0,5714631.0,intrinsic,central,DAN,,72601.0,PAM06,PAM06,CREa1_dorsal,BAmd1_dorsal,dopamine,0.7905574750630948,dopamine,Mao & Davis 2009 (immuno),right,,fw014948,,,isomorphic,,fru_backfilled,
80363785910548373,720575940622495092,141776.0,46656.0,367.0,141776.0,46656.0,367.0,5714155.0,intrinsic,central,DAN,,63391.0,PAM01,PAM01,CREa1_dorsal,BAmd1_dorsal,dopamine,0.8885736001294781,"dopamine; dopamine, nitric oxide",Mao & Davis 2009 (immuno); Aso et al. 2019 (scRNA-seq),right,,fw015305,,,isomorphic,,fru,Cachero 2010: aDT-b;Yu 2010: aDT2
80644779918069672,720575940624742414,145922.0,39212.0,623.0,144752.0,46464.0,405.0,5715448.0,intrinsic,central,DAN,,37845.0,PAM04,PAM04,CREa2_medial,DALcm1_medial,dopamine,0.5034887725703722,dopamine,Mao & Davis 2009 (immuno),right,,fw015345,,,isomorphic,,,
80293554605422985,720575940627741799,140416.0,48272.0,454.0,140416.0,48272.0,454.0,5713855.0,intrinsic,central,DAN,,115868.0,PAM14,PAM14,CREa1_dorsal,BAmd1_dorsal,dopamine,0.8970082886208511,dopamine,Mao & Davis 2009 (immuno),right,,fw015470,FBbt_00111024,,isomorphic,,,
80715079942932561,720575940635789431,147349.0,38303.0,779.0,148848.0,39928.0,678.0,6331540.0,intrinsic,central,DAN,,168080.0,PAM03,PAM03,CREa2_medial,DALcm1_medial,dopamine,0.8525411826591504,dopamine,Mao & Davis 2009 (immuno),right,,fw015592,FBbt_00100231,,isomorphic,,,
80715148662220382,720575940624406986,146459.0,39527.0,623.0,144968.0,47176.0,369.0,5715500.0,intrinsic,central,DAN,,103433.0,PAM14,PAM14,CREa2_medial,DALcm1_medial,dopamine,0.8767084854178852,dopamine,Mao & Davis 2009 (immuno),right,,fw015635,FBbt_00111024,,isomorphic,,,
80434154654729624,720575940634475119,142608.0,46072.0,358.0,142608.0,46072.0,358.0,5714499.0,intrinsic,central,DAN,,49043.0,PAM08,PAM08,CREa1_dorsal,BAmd1_dorsal,dopamine,0.8175969435568402,dopamine,Mao & Davis 2009 (immuno),right,,fw004200,,,isomorphic,,fru_backfilled,
80715079942929901,720575940612643954,147200.0,38011.0,779.0,142040.0,39072.0,452.0,5645787.0,intrinsic,central,DAN,,103433.0,PAM14,PAM14,CREa2_medial,DALcm1_medial,dopamine,0.9040509542453932,dopamine,Mao & Davis 2009 (immuno),right,,fw016345,FBbt_00111024,,isomorphic,,,
80363854630120056,720575940620812865,141392.0,47736.0,435.0,141392.0,47736.0,435.0,5714012.0,intrinsic,central,DAN,,115868.0,PAM14,PAM14,CREa1_dorsal,BAmd1_dorsal,dopamine,0.9080022732244684,dopamine,Mao & Davis 2009 (immuno),right,,fw016538,FBbt_00111024,,isomorphic,,,
80152198641621093,720575940637928164,138608.0,38824.0,451.0,138608.0,38824.0,451.0,4977897.0,intrinsic,central,DAN,,108429.0,PAM04,PAM04,CREa1_dorsal,BAmd1_dorsal,dopamine,0.9064208938457752,dopamine,Mao & Davis 2009 (immuno),right,,fw016669,,,isomorphic,,,
80644779918068380,720575940639684696,145958.0,39261.0,623.0,143784.0,48568.0,335.0,5714924.0,intrinsic,central,DAN,,74856.0,PAM01,PAM01,CREa2_medial,DALcm1_medial,dopamine,0.8545536257221167,"dopamine; dopamine, nitric oxide",Mao & Davis 2009 (immuno); Aso et al. 2019 (scRNA-seq),right,,fw016897,,,isomorphic,,fru_backfilled,
80434223374250904,720575940636461710,142552.0,46800.0,382.0,142552.0,46800.0,382.0,5714500.0,intrinsic,central,DAN,,115868.0,PAM13,PAM13,CREa1_dorsal,BAmd1_dorsal,dopamine,0.8391940315750994,dopamine,Mao & Davis 2009 (immuno),right,,fw016909,FBbt_00111023,,isomorphic,,,
80082310933815053,720575940630996684,137344.0,46112.0,474.0,137344.0,46112.0,474.0,5025731.0,intrinsic,central,DAN,,115868.0,PAM14,PAM14,CREa1_dorsal,BAmd1_dorsal,dopamine,0.8712726688147868,dopamine,Mao & Davis 2009 (immuno),right,,fw017301,FBbt_00111024,,isomorphic,,,
80292936129970782,720575940623398524,140224.0,39064.0,430.0,140224.0,39064.0,430.0,5644508.0,intrinsic,central,DAN,,49043.0,PAM08,PAM08,CREa1_dorsal,BAmd1_dorsal,dopamine,0.9276951628589192,dopamine,Mao & Davis 2009 (immuno),right,,fw017330,,,isomorphic,,fru_backfilled,
80434292093699800,720575940625343550,142992.0,48040.0,355.0,142992.0,48040.0,355.0,5714621.0,intrinsic,central,DAN,,55210.0,PAM12,PAM12,CREa1_dorsal,BAmd1_dorsal,dopamine,0.9084914360896162,dopamine; dopamine,Mao & Davis 2009 (immuno); Aso et al. 2019 (scRNA-seq),right,,fw017341,FBbt_00100230,,isomorphic,,fru,Cachero 2010: aDT-b;Yu 2010: aDT2
80363854630040181,720575940636309093,142064.0,47416.0,372.0,142064.0,47416.0,372.0,5714296.0,intrinsic,central,DAN,,63391.0,PAM01,PAM01,CREa1_dorsal,BAmd1_dorsal,dopamine,0.907390622654302,"dopamine; dopamine, nitric oxide",Mao & Davis 2009 (immuno); Aso et al. 2019 (scRNA-seq),right,,fw017830,,,isomorphic,,fru,Cachero 2010: aDT-b;Yu 2010: aDT2
80293348446875736,720575940643950190,140600.0,45296.0,375.0,140600.0,45296.0,375.0,5713863.0,intrinsic,central,DAN,,39617.0,PAM07,PAM07,CREa1_dorsal,BAmd1_dorsal,dopamine,0.932277637534435,dopamine; dopamine,Mao & Davis 2009 (immuno); Aso et al. 2019 (scRNA-seq),right,,fw017842,FBbt_00111019,,isomorphic,,fru,Cachero 2010: aDT-b;Yu 2010: aDT2
80293417166349667,720575940627110931,140984.0,46216.0,369.0,140984.0,46216.0,369.0,5713952.0,intrinsic,central,DAN,,39617.0,PAM07,PAM07,CREa1_dorsal,BAmd1_dorsal,dopamine,0.9203074941001782,dopamine; dopamine,Mao & Davis 2009 (immuno); Aso et al. 2019 (scRNA-seq),right,,fw018012,,,isomorphic,,fru,Cachero 2010: aDT-b;Yu 2010: aDT2
80152679677986440,720575940622338269,138352.0,46088.0,434.0,138352.0,46088.0,434.0,5026051.0,intrinsic,central,DAN,,49043.0,PAM08,PAM08,CREa1_dorsal,BAmd1_dorsal,dopamine,0.5934758419148254,dopamine,Mao & Davis 2009 (immuno),right,,fw018067,,,isomorphic,,fru_backfilled,
80293485885877028,720575940620488513,140232.0,47488.0,411.0,140232.0,47488.0,411.0,5713834.0,intrinsic,central,DAN,,72601.0,PAM06,PAM06,CREa1_dorsal,BAmd1_dorsal,dopamine,0.8268831790029989,dopamine,Mao & Davis 2009 (immuno),right,,fw018634,,,isomorphic,,fru_backfilled,
79448717559812756,720575940630318951,128508.0,42488.0,1669.0,145544.0,45152.0,370.0,5715598.0,intrinsic,central,DAN,,92324.0,PAM06,PAM06,CREa2_medial,DALcm1_medial,dopamine,0.879652523703888,dopamine,Mao & Davis 2009 (immuno),right,,fw018958,,,isomorphic,,fru_backfilled,
80715217381737018,720575940633142498,146421.0,39594.0,623.0,145832.0,46712.0,424.0,5715694.0,intrinsic,central,DAN,,74856.0,PAM01,PAM01,CREa2_medial,DALcm1_medial,dopamine,0.9185124622470632,"dopamine; dopamine, nitric oxide",Mao & Davis 2009 (immuno); Aso et al. 2019 (scRNA-seq),right,,fw019123,,,isomorphic,,fru_backfilled,
80293485885841139,720575940658674049,141064.0,47104.0,387.0,141064.0,47104.0,387.0,5713965.0,intrinsic,central,DAN,,39617.0,PAM07,PAM07,CREa1_dorsal,BAmd1_dorsal,dopamine,0.847884476690002,dopamine; dopamine,Mao & Davis 2009 (immuno); Aso et al. 2019 (scRNA-seq),right,,fw020030,,,isomorphic,,fru,Cachero 2010: aDT-b;Yu 2010: aDT2
80081348928234004,720575940621284446,137600.0,32128.0,767.0,137600.0,32128.0,767.0,4932220.0,intrinsic,central,DAN,,108429.0,PAM04,PAM04,CREa1_dorsal,BAmd1_dorsal,dopamine,0.8091853739857896,dopamine,Mao & Davis 2009 (immuno),right,,fw020164,,,isomorphic,,,
80715148662216425,720575940607287561,146441.0,39480.0,623.0,146232.0,46120.0,369.0,5715806.0,intrinsic,central,DAN,,92324.0,PAM06,PAM06,CREa2_medial,DALcm1_medial,dopamine,0.8438893761226451,dopamine,Mao & Davis 2009 (immuno),right,,fw020233,,,isomorphic,,fru_backfilled,
80715079942928822,720575940610181496,147218.0,38190.0,778.0,148880.0,46032.0,403.0,6361572.0,intrinsic,central,DAN,,61360.0,PAM12,PAM12,CREa2_medial,DALcm1_medial,dopamine,0.9220404107560934,dopamine; dopamine,Mao & Davis 2009 (immuno); Aso et al. 2019 (scRNA-seq),right,,fw020470,FBbt_00100230,,isomorphic,,fru,Cachero 2010: aSP-d;Yu 2010: aSP13
80293554605312342,720575940631576903,141056.0,47960.0,377.0,141056.0,47960.0,377.0,5713961.0,intrinsic,central,DAN,,39617.0,PAM07,PAM07,CREa1_dorsal,BAmd1_dorsal,dopamine,0.9550203990704648,dopamine; dopamine,Mao & Davis 2009 (immuno); Aso et al. 2019 (scRNA-seq),right,,fw020552,FBbt_00111019,,isomorphic,,fru,Cachero 2010: aDT-b;Yu 2010: aDT2
80011461153342206,720575940631017258,136280.0,38848.0,510.0,136280.0,38848.0,510.0,4973214.0,intrinsic,central,DAN,,108429.0,PAM04,PAM04,CREa1_dorsal,BAmd1_dorsal,dopamine,0.8003728820159844,dopamine,Mao & Davis 2009 (immuno),right,,fw020818,,,isomorphic,,,
80152748397505062,720575940616643924,138552.0,47240.0,477.0,138552.0,47240.0,477.0,5026090.0,intrinsic,central,DAN,,55210.0,PAM12,PAM12,CREa1_dorsal,BAmd1_dorsal,dopamine,0.9360189944175088,dopamine; dopamine,Mao & Davis 2009 (immuno); Aso et al. 2019 (scRNA-seq),right,,fw020924,FBbt_00100230,,isomorphic,,fru,Cachero 2010: aDT-b;Yu 2010: aDT2
80644779918058984,720575940644747828,146046.0,39335.0,623.0,145240.0,45832.0,356.0,5715576.0,intrinsic,central,DAN,,95523.0,PAM08,PAM08,CREa2_medial,DALcm1_medial,dopamine,0.816042830965341,dopamine,Mao & Davis 2009 (immuno),right,,fw021206,,,isomorphic,,fru,Cachero 2010: aSP-d;Yu 2010: aSP13
80715217381725168,720575940626135122,146527.0,39630.0,623.0,146528.0,45384.0,369.0,5715881.0,intrinsic,central,DAN,,92324.0,PAM05,PAM05,CREa2_medial,DALcm1_medial,dopamine,0.8134911596085823,"dopamine; dopamine, nitric oxide",Mao & Davis 2009 (immuno); Aso et al. 2019 (scRNA-seq),right,,fw021389,FBbt_00111017,,isomorphic,,fru,Cachero 2010: aSP-d;Yu 2010: aSP13
80715217381741221,720575940613647007,146926.0,40026.0,623.0,147992.0,46216.0,368.0,6361226.0,intrinsic,central,DAN,,74856.0,PAM01,PAM01,CREa2_medial,DALcm1_medial,dopamine,0.9082737278112628,"dopamine; dopamine, nitric oxide",Mao & Davis 2009 (immuno); Aso et al. 2019 (scRNA-seq),right,,fw021499,,,isomorphic,,fru_backfilled,
80855817431138002,720575940626071482,148544.0,38176.0,734.0,148544.0,38176.0,734.0,6331205.0,intrinsic,central,DAN,,37845.0,PAM04,PAM04,CREa2_medial,DALcm1_medial,dopamine,0.5891769581959284,dopamine,Mao & Davis 2009 (immuno),right,,fw021640,,,isomorphic,,,
80715217381750411,720575940640770957,146845.0,39936.0,623.0,148224.0,47648.0,411.0,6361276.0,intrinsic,central,DAN,,61360.0,PAM12,PAM12,CREa2_medial,DALcm1_medial,dopamine,0.9183769671348124,dopamine; dopamine,Mao & Davis 2009 (immuno); Aso et al. 2019 (scRNA-seq),right,,fw021947,FBbt_00100230,,isomorphic,,fru,Cachero 2010: aSP-d;Yu 2010: aSP13
80644779918076201,720575940616312949,146286.0,39356.0,623.0,144384.0,43304.0,372.0,5715238.0,intrinsic,central,DAN,,92324.0,PAM06,PAM06,CREa2_medial,DALcm1_medial,dopamine,0.8234364618691918,dopamine,Mao & Davis 2009 (immuno),right,,fw022134,,,isomorphic,,fru_backfilled,
80926117455792697,720575940654661281,149920.0,37440.0,772.0,149920.0,37440.0,772.0,6334330.0,intrinsic,central,DAN,,74856.0,PAM01,PAM01,CREa2_medial,DALcm1_medial,dopamine,0.9015399229429908,"dopamine; dopamine, nitric oxide",Mao & Davis 2009 (immuno); Aso et al. 2019 (scRNA-seq),right,,fw022393,,,isomorphic,,fru_backfilled,
79800148829457103,720575940621462512,133832.0,35784.0,709.0,133832.0,35784.0,709.0,4963037.0,intrinsic,central,DAN,,63391.0,PAM01,PAM01,CREa1_dorsal,BAmd1_dorsal,dopamine,0.8852258128895524,"dopamine; dopamine, nitric oxide",Mao & Davis 2009 (immuno); Aso et al. 2019 (scRNA-seq),right,,fw022532,,,isomorphic,,fru,Cachero 2010: aDT-b;Yu 2010: aDT2
80644779917981479,720575940623979593,145648.0,39216.0,555.0,145648.0,39216.0,555.0,5648695.0,intrinsic,central,DAN,,63391.0,PAM02,PAM02,CREa1_dorsal,BAmd1_dorsal,dopamine,0.7475486891961933,dopamine; dopamine,Mao & Davis 2009 (immuno); Aso et al. 2019 (scRNA-seq),right,,fw022716,FBbt_00111016,,isomorphic,,fru_backfilled,
80715079942934713,720575940608071435,146923.0,37694.0,778.0,144320.0,46384.0,334.0,5715156.0,intrinsic,central,DAN,,95523.0,PAM08,PAM08,CREa2_medial,DALcm1_medial,dopamine,0.8862271073765834,dopamine,Mao & Davis 2009 (immuno),right,,fw023573,,,isomorphic,,fru,Cachero 2010: aSP-d;Yu 2010: aSP13
80292867410513322,720575940637391582,141080.0,38272.0,480.0,141080.0,38272.0,480.0,5645228.0,intrinsic,central,DAN,,63391.0,PAM01,PAM01,CREa1_dorsal,BAmd1_dorsal,dopamine,0.9307942317460473,"dopamine; dopamine, nitric oxide",Mao & Davis 2009 (immuno); Aso et al. 2019 (scRNA-seq),right,,fw023606,,,isomorphic,,fru,Cachero 2010: aDT-b;Yu 2010: aDT2
80152129922164737,720575940608186498,138256.0,37688.0,495.0,138256.0,37688.0,495.0,4977749.0,intrinsic,central,DAN,,119763.0,PAM11,PAM11,CREa1_dorsal,BAmd1_dorsal,dopamine,0.8341799971627208,dopamine; dopamine,Mao & Davis 2009 (immuno),right,,fw024086,FBbt_00111022,outlier_bio,isomorphic,,,
80785448687055682,720575940612755618,147549.0,38192.0,778.0,152832.0,39328.0,768.0,6343858.0,intrinsic,central,DAN,,47196.0,PAM07,PAM07,CREa2_medial,DALcm1_medial,dopamine,0.9240535200453966,dopamine; dopamine,Mao & Davis 2009 (immuno); Aso et al. 2019 (scRNA-seq),right,,fw024285,,,isomorphic,,fru,Cachero 2010: aSP-d;Yu 2010: aSP13
80293142288421361,720575940620922790,141072.0,41968.0,383.0,141072.0,41968.0,383.0,5713951.0,intrinsic,central,DAN,,72601.0,PAM05,PAM05,CREa1_dorsal,BAmd1_dorsal,dopamine,0.7362277030610789,"dopamine; dopamine, nitric oxide",Mao & Davis 2009 (immuno); Aso et al. 2019 (scRNA-seq),right,,fw024399,FBbt_00111017,,isomorphic,,fru_backfilled,
80363923349634581,720575940648330105,141296.0,48696.0,463.0,141296.0,48696.0,463.0,5713992.0,intrinsic,central,DAN,,72601.0,PAM06,PAM06,CREa1_dorsal,BAmd1_dorsal,dopamine,0.8258524197667431,dopamine,Mao & Davis 2009 (immuno),right,,fw024421,,,isomorphic,,fru_backfilled,
80715079942936222,720575940634640023,147323.0,38142.0,779.0,151864.0,38800.0,739.0,6342551.0,intrinsic,central,DAN,,61360.0,PAM12,PAM12,CREa2_medial,DALcm1_medial,dopamine,0.9130285915932922,dopamine; dopamine,Mao & Davis 2009 (immuno); Aso et al. 2019 (scRNA-seq),right,,fw024670,FBbt_00100230,,isomorphic,,fru,Cachero 2010: aSP-d;Yu 2010: aSP13
80504660838076036,720575940630794703,143920.0,48128.0,466.0,143920.0,48128.0,466.0,5714977.0,intrinsic,central,DAN,,63391.0,PAM15,PAM15,CREa1_dorsal,BAmd1_dorsal,dopamine,0.7389358704294627,dopamine,Mao & Davis 2009 (immuno),right,,fw024742,,,isomorphic,,,
80715217381734402,720575940619823536,146837.0,39844.0,623.0,148624.0,46864.0,370.0,6361474.0,intrinsic,central,DAN,,47196.0,PAM08,PAM08,CREa2_medial,DALcm1_medial,dopamine,0.870461400410947,dopamine,Mao & Davis 2009 (immuno),right,,fw025083,FBbt_00111020,,isomorphic,,fru,Cachero 2010: aSP-d;Yu 2010: aSP13
80644779918067193,720575940625931266,146341.0,39390.0,623.0,145280.0,47872.0,365.0,5715571.0,intrinsic,central,DAN,,92324.0,PAM06,PAM06,CREa2_medial,DALcm1_medial,dopamine,0.8235422542467205,dopamine,Mao & Davis 2009 (immuno),right,,fw025195,,,isomorphic,,fru_backfilled,
80715217381759158,720575940621085622,146793.0,39813.0,623.0,145880.0,47192.0,346.0,5715706.0,intrinsic,central,DAN,,61360.0,PAM08,PAM08,CREa2_medial,DALcm1_medial,dopamine,0.9036336159912534,dopamine,Mao & Davis 2009 (immuno),right,,fw025317,,,isomorphic,,fru,Cachero 2010: aSP-d;Yu 2010: aSP13
80363923349479828,720575940624317419,142000.0,48312.0,353.0,142000.0,48312.0,353.0,5714229.0,intrinsic,central,DAN,,72601.0,PAM06,PAM06,CREa1_dorsal,BAmd1_dorsal,dopamine,0.8261716211385326,dopamine,Mao & Davis 2009 (immuno),right,,fw025384,,,isomorphic,,fru_backfilled,
80715148662199554,720575940613338152,146476.0,39406.0,623.0,145856.0,43472.0,370.0,5715685.0,intrinsic,central,DAN,,37845.0,PAM04,PAM04,CREa2_medial,DALcm1_medial,dopamine,0.7900124613723591,dopamine,Mao & Davis 2009 (immuno),right,,fw025486,,,isomorphic,,,
80785448687058274,720575940605280201,147478.0,38176.0,779.0,146856.0,48096.0,340.0,5715983.0,intrinsic,central,DAN,,47196.0,PAM08,PAM08,CREa2_medial,DALcm1_medial,dopamine,0.9331436271071876,dopamine,Mao & Davis 2009 (immuno),right,,fw025555,,,isomorphic,,fru,Cachero 2010: aSP-d;Yu 2010: aSP13
80152817117003423,720575940619402576,138472.0,48272.0,501.0,138472.0,48272.0,501.0,5026064.0,intrinsic,central,DAN,,39617.0,PAM07,PAM07,CREa1_dorsal,BAmd1_dorsal,dopamine,0.9057848322321024,dopamine; dopamine,Mao & Davis 2009 (immuno); Aso et al. 2019 (scRNA-seq),right,,fw025629,FBbt_00111019,,isomorphic,,fru,Cachero 2010: aDT-b;Yu 2010: aDT2
80785517406460908,720575940612857878,148344.0,39152.0,672.0,148344.0,39152.0,672.0,6330823.0,intrinsic,central,DAN,,95523.0,PAM08,PAM08,CREa2_medial,DALcm1_medial,dopamine,0.7958266271099995,dopamine,Mao & Davis 2009 (immuno),right,,fw025915,,,isomorphic,,fru,Cachero 2010: aSP-d;Yu 2010: aSP13
80715148662233907,720575940630446329,146377.0,39482.0,623.0,144240.0,47912.0,346.0,5715126.0,intrinsic,central,DAN,,92324.0,PAM05,PAM05,CREa2_medial,DALcm1_medial,dopamine,0.7779760933136085,"dopamine; dopamine, nitric oxide",Mao & Davis 2009 (immuno); Aso et al. 2019 (scRNA-seq),right,,fw026257,FBbt_00111017,,isomorphic,,fru,Cachero 2010: aSP-d;Yu 2010: aSP13
79800423707386800,720575940646582836,133216.0,39736.0,676.0,133216.0,39736.0,676.0,4961041.0,intrinsic,central,DAN,,55210.0,PAM08,PAM08,CREa1_dorsal,BAmd1_dorsal,dopamine,0.9300329523577276,dopamine,Mao & Davis 2009 (immuno),right,,fw026341,,,isomorphic,,fru_backfilled,
80363236154698820,720575940614629799,141968.0,38512.0,499.0,141968.0,38512.0,499.0,5645807.0,intrinsic,central,DAN,,144678.0,PAM09,PAM09,CREa1_dorsal,BAmd1_dorsal,dopamine,0.9259748570594556,dopamine,Mao & Davis 2009 (immuno),right,,fw026366,FBbt_00111021,,isomorphic,,,
80151786391896042,720575940637390302,138600.0,33216.0,715.0,138600.0,33216.0,715.0,4977859.0,intrinsic,central,DAN,,74856.0,PAM01,PAM01,CREa2_medial,DALcm1_medial,dopamine,0.8421479185065405,"dopamine; dopamine, nitric oxide",Mao & Davis 2009 (immuno); Aso et al. 2019 (scRNA-seq),right,,fw026648,,,isomorphic,,fru_backfilled,
79729986243743235,720575940627644584,133008.0,38656.0,734.0,133008.0,38656.0,734.0,4960599.0,intrinsic,central,DAN,,49043.0,PAM08,PAM08,CREa1_dorsal,BAmd1_dorsal,dopamine,0.9031551785287054,dopamine,Mao & Davis 2009 (immuno),right,,fw026828,,,isomorphic,,fru_backfilled,
79729986243790687,720575940605113376,132496.0,39144.0,757.0,132496.0,39144.0,757.0,4959849.0,intrinsic,central,DAN,,55210.0,PAM08,PAM08,CREa1_dorsal,BAmd1_dorsal,dopamine,0.920422916222056,dopamine,Mao & Davis 2009 (immuno),right,,fw026937,,,isomorphic,,fru_backfilled,
80644779918064583,720575940646288419,146127.0,39410.0,623.0,146024.0,48168.0,361.0,5715750.0,intrinsic,central,DAN,,92324.0,PAM05,PAM05,CREa2_medial,DALcm1_medial,dopamine,0.8450645337373385,"dopamine; dopamine, nitric oxide",Mao & Davis 2009 (immuno); Aso et al. 2019 (scRNA-seq),right,,fw026957,FBbt_00111017,,isomorphic,,fru,Cachero 2010: aSP-d;Yu 2010: aSP13
80926186175242782,720575940637672425,149456.0,38472.0,723.0,149456.0,38472.0,723.0,6333136.0,intrinsic,central,DAN,,37845.0,PAM09,PAM09,CREa2_medial,DALcm1_medial,dopamine,0.505737821526327,dopamine,Mao & Davis 2009 (immuno),right,,fw027022,,outlier_bio,isomorphic,,,
79870723732060381,720575940634655851,134080.0,38800.0,626.0,134080.0,38800.0,626.0,4963483.0,intrinsic,central,DAN,,63391.0,PAM01,PAM01,CREa1_dorsal,BAmd1_dorsal,dopamine,0.9077808329489366,"dopamine; dopamine, nitric oxide",Mao & Davis 2009 (immuno); Aso et al. 2019 (scRNA-seq),right,,fw027043,,,isomorphic,,fru,Cachero 2010: aDT-b;Yu 2010: aDT2
80925980016898181,720575940653360289,149816.0,34560.0,852.0,149816.0,34560.0,852.0,6334727.0,intrinsic,central,DAN,,114661.0,PAM11,PAM11,CREa2_medial,DALcm1_medial,dopamine,0.8840867777998471,dopamine; dopamine,Mao & Davis 2009 (immuno),right,,fw027291,FBbt_00111022,,isomorphic,,,
80996486199970005,720575940632344290,150976.0,37152.0,785.0,150976.0,37152.0,785.0,6339733.0,intrinsic,central,DAN,,92324.0,PAM05,PAM05,CREa2_medial,DALcm1_medial,dopamine,0.7934656692189419,"dopamine; dopamine, nitric oxide",Mao & Davis 2009 (immuno); Aso et al. 2019 (scRNA-seq),right,,fw027441,FBbt_00111017,,isomorphic,,fru,Cachero 2010: aSP-d;Yu 2010: aSP13
80151992550296632,720575940629579836,138408.0,36408.0,555.0,138408.0,36408.0,555.0,4977820.0,intrinsic,central,DAN,,108429.0,PAM04,PAM04,CREa1_dorsal,BAmd1_dorsal,dopamine,0.7634108517681395,dopamine,Mao & Davis 2009 (immuno),right,,fw027494,,,isomorphic,,,
80714599041135388,720575940614293485,146484.0,30991.0,1954.0,148984.0,48504.0,663.0,6361637.0,intrinsic,central,DAN,,114661.0,PAM11,PAM11,CREa2_medial,DALcm1_medial,dopamine,0.7469370978164994,dopamine; dopamine,Mao & Davis 2009 (immuno),right,,fw027543,FBbt_00111022,outlier_seg,isomorphic,,,
80644779918076269,720575940616682838,146282.0,39457.0,622.0,144888.0,48504.0,347.0,5715452.0,intrinsic,central,DAN,,92324.0,PAM06,PAM06,CREa2_medial,DALcm1_medial,dopamine,0.8103956374994474,dopamine,Mao & Davis 2009 (immuno),right,,fw027627,,,isomorphic,,fru_backfilled,
80715079942933788,720575940621861637,147076.0,38193.0,778.0,149744.0,40464.0,628.0,6334211.0,intrinsic,central,DAN,,28434.0,PAM09,PAM09,CREa2_medial,DALcm1_medial,dopamine,0.77387735678941,dopamine,Mao & Davis 2009 (immuno),right,,fw028263,FBbt_00111021,,isomorphic,,,
80574136295906781,720575940617145561,144712.0,35168.0,698.0,144712.0,35168.0,698.0,5647876.0,intrinsic,central,DAN,,74856.0,PAM01,PAM01,CREa2_medial,DALcm1_medial,dopamine,0.8661596722887644,"dopamine; dopamine, nitric oxide",Mao & Davis 2009 (immuno); Aso et al. 2019 (scRNA-seq),right,,fw028609,,,isomorphic,,fru_backfilled,
80503904990699609,720575940650745977,144064.0,37352.0,605.0,144064.0,37352.0,605.0,5647569.0,intrinsic,central,DAN,,144678.0,PAM10,PAM10,CREa1_dorsal,BAmd1_dorsal,dopamine,0.7691768005665996,dopamine; dopamine,Mao & Davis 2009 (immuno); Aso et al. 2019 (scRNA-seq),right,,fw028988,FBbt_00110994,,isomorphic,,,
79870380134688595,720575940638163940,135048.0,33824.0,759.0,135048.0,33824.0,759.0,4969276.0,intrinsic,central,DAN,,36624.0,PAM10,PAM10,CREa1_dorsal,BAmd1_dorsal,dopamine,0.7729289563276631,dopamine; dopamine,Mao & Davis 2009 (immuno); Aso et al. 2019 (scRNA-seq),right,,fw029752,FBbt_00110994,,isomorphic,,,
80644711199003747,720575940647165828,146301.0,37635.0,953.0,151632.0,40000.0,717.0,6341943.0,intrinsic,central,DAN,,47196.0,PAM07,PAM07,CREa2_medial,DALcm1_medial,dopamine,0.9128014817218616,dopamine; dopamine,Mao & Davis 2009 (immuno); Aso et al. 2019 (scRNA-seq),right,,fw029827,FBbt_00111019,,isomorphic,,fru,Cachero 2010: aSP-d;Yu 2010: aSP13
80082448439899076,720575940607511900,137448.0,48056.0,547.0,137448.0,48056.0,547.0,5025771.0,intrinsic,central,DAN,,72601.0,PAM06,PAM06,CREa1_dorsal,BAmd1_dorsal,dopamine,0.8363169768400295,dopamine,Mao & Davis 2009 (immuno),right,,fw029924,,,isomorphic,,fru_backfilled,
80996554919465438,720575940644146724,151008.0,38024.0,784.0,151008.0,38024.0,784.0,6339782.0,intrinsic,central,DAN,,28434.0,PAM10,PAM10,CREa2_medial,DALcm1_medial,dopamine,0.8456748441179541,dopamine; dopamine,Mao & Davis 2009 (immuno); Aso et al. 2019 (scRNA-seq),right,,fw030098,FBbt_00110994,,isomorphic,,,
80574479826188911,720575940635356316,144376.0,40384.0,451.0,144376.0,40384.0,451.0,5647734.0,intrinsic,central,DAN,,108429.0,PAM04,PAM04,CREa1_dorsal,BAmd1_dorsal,dopamine,0.8173005237000472,dopamine,Mao & Davis 2009 (immuno),right,,fw030474,,,isomorphic,,,
80785448687061192,720575940642603464,147507.0,38255.0,778.0,150488.0,38760.0,704.0,6337386.0,intrinsic,central,DAN,,47196.0,PAM08,PAM08,CREa2_medial,DALcm1_medial,dopamine,0.8767486279881943,dopamine,Mao & Davis 2009 (immuno),right,,fw031147,,,isomorphic,,fru,Cachero 2010: aSP-d;Yu 2010: aSP13
80714942503736595,720575940631443304,146648.0,36104.0,707.0,146648.0,36104.0,707.0,5651020.0,intrinsic,central,DAN,,74856.0,PAM01,PAM01,CREa2_medial,DALcm1_medial,dopamine,0.8994528166687259,"dopamine; dopamine, nitric oxide",Mao & Davis 2009 (immuno); Aso et al. 2019 (scRNA-seq),right,,fw031975,,,isomorphic,,fru_backfilled,
80644505040078103,720575940639358579,145792.0,35312.0,714.0,145792.0,35312.0,714.0,5648914.0,intrinsic,central,DAN,,114661.0,PAM11,PAM11,CREa2_medial,DALcm1_medial,dopamine,0.8570851493189651,dopamine; dopamine,Mao & Davis 2009 (immuno),right,,fw032231,FBbt_00111022,,isomorphic,,,
80432986692400049,720575940622701808,143127.0,28811.0,2320.0,136308.0,38086.0,550.0,,intrinsic,central,DAN,,119763.0,PAM11,PAM11,CREa1_dorsal,BAmd1_dorsal,dopamine,0.862967068444461,dopamine; dopamine,Mao & Davis 2009 (immuno),right,,fw032375,FBbt_00111022,,isomorphic,,,
81772604440267233,720575940615405718,161896.0,68104.0,4319.0,161896.0,68104.0,4319.0,6893154.0,intrinsic,central,DAN,,,PPL204,PPL204,putative_primary,putative_primary,dopamine,0.5858300189803284,dopamine; dopamine,"Mao & Davis 2009 (immuno); Niens et al., 2017 (immuno)",right,,fw032460,,,isomorphic,,,
79729917524351791,720575940617242841,132208.0,37552.0,795.0,132208.0,37552.0,795.0,4958820.0,intrinsic,central,DAN,,49043.0,PAM08,PAM08,CREa1_dorsal,BAmd1_dorsal,dopamine,0.8013290710863522,dopamine,Mao & Davis 2009 (immuno),right,,fw033846,,,isomorphic,,fru_backfilled,
80926048736359995,720575940620576238,149680.0,36472.0,824.0,149680.0,36472.0,824.0,6333677.0,intrinsic,central,DAN,,28434.0,PAM10,PAM10,CREa2_medial,DALcm1_medial,dopamine,0.8499059006188803,dopamine; dopamine,Mao & Davis 2009 (immuno); Aso et al. 2019 (scRNA-seq),right,,fw034137,FBbt_00110994,,isomorphic,,,
80855474102259118,720575940632107335,149143.0,32909.0,2667.0,169368.0,33456.0,4429.0,7076179.0,intrinsic,central,DAN,,,PPL104,PPL104,putative_primary,putative_primary,dopamine,0.8097389424755057,dopamine; dopamine,"Mao & Davis 2009 (immuno); Niens et al., 2017 (immuno)",right,,fw034502,FBbt_00110321,,isomorphic,,,
80503767619177870,720575940621900321,143420.0,34843.0,1288.0,133248.0,40512.0,641.0,4960862.0,intrinsic,central,DAN,,72601.0,PAM05,PAM05,CREa1_dorsal,BAmd1_dorsal,dopamine,0.7597925819734458,"dopamine; dopamine, nitric oxide",Mao & Davis 2009 (immuno); Aso et al. 2019 (scRNA-seq),right,,fw035444,FBbt_00111017,,isomorphic,,fru_backfilled,
81772604440088315,720575940646852660,162432.0,67800.0,4194.0,162432.0,67800.0,4194.0,6893391.0,intrinsic,central,DAN,,,PPL203,PPL203,putative_primary,putative_primary,dopamine,0.8274701942773893,dopamine; dopamine; gaba,"Mao & Davis 2009 (immuno); Niens et al., 2017 (immuno); Aso et al. 2019 (scRNA-seq)",right,,fw035866,FBbt_00048253,,isomorphic,,,
81772604440281351,720575940619676224,162456.0,67328.0,4319.0,162456.0,67328.0,4319.0,6893495.0,intrinsic,central,DAN,,,PPL202,PPL202,putative_primary,putative_primary,dopamine,0.7699372019187578,dopamine; dopamine,"Mao & Davis 2009 (immuno); Niens et al., 2017 (immuno)",right,,fw036256,FBbt_00048254,,isomorphic,,,
81913066983830377,720575940625926693,164704.0,63968.0,4003.0,164704.0,63968.0,4003.0,7103697.0,intrinsic,central,DAN,,10753.0,PPL201,PPL201,putative_primary,putative_primary,dopamine,0.837875431634296,dopamine; dopamine,"Mao & Davis 2009 (immuno); Niens et al., 2017 (immuno)",right,,fw036272,FBbt_00048255,,isomorphic,,,
80574067844909772,720575940618943389,144429.0,34349.0,2595.0,174168.0,36464.0,4499.0,7352041.0,intrinsic,central,DAN,,,PPL106,PPL106,putative_primary,putative_primary,dopamine,0.6940610604418458,dopamine; dopamine; dopamine,"Mao & Davis 2009 (immuno); Niens et al., 2017 (immuno); Aso et al. 2019 (scRNA-seq)",right,,fw036316,FBbt_00110320,,isomorphic,,,
80715217381746467,720575940626300444,146744.0,39717.0,623.0,146661.0,40910.0,466.0,,intrinsic,central,DAN,,103433.0,PAM14,PAM14,CREa2_medial,DALcm1_medial,dopamine,0.8164560418853724,dopamine,Mao & Davis 2009 (immuno),right,,fw037250,FBbt_00111024,,isomorphic,,,
80715079942932132,720575940610523746,146845.0,37679.0,778.0,144408.0,48744.0,404.0,5715301.0,intrinsic,central,DAN,,37845.0,PAM04,PAM04,CREa2_medial,DALcm1_medial,dopamine,0.873144445106976,dopamine,Mao & Davis 2009 (immuno),right,,fw037251,,,isomorphic,,,
80715079942928847,720575940627390507,147169.0,38210.0,779.0,152064.0,37784.0,770.0,6342649.0,intrinsic,central,DAN,,61360.0,PAM12,PAM12,CREa2_medial,DALcm1_medial,dopamine,0.6296858235566561,dopamine; dopamine,Mao & Davis 2009 (immuno); Aso et al. 2019 (scRNA-seq),right,,fw038040,FBbt_00100230,,isomorphic,,fru,Cachero 2010: aSP-d;Yu 2010: aSP13
80715079942937399,720575940638940469,147104.0,37950.0,779.0,147352.0,44848.0,384.0,5716211.0,intrinsic,central,DAN,,92324.0,PAM05,PAM05,CREa2_medial,DALcm1_medial,dopamine,0.7825529143371048,"dopamine; dopamine, nitric oxide",Mao & Davis 2009 (immuno); Aso et al. 2019 (scRNA-seq),right,,fw038041,FBbt_00111017,,isomorphic,,fru,Cachero 2010: aSP-d;Yu 2010: aSP13
80715079942929706,720575940622100774,146797.0,37660.0,779.0,145688.0,48888.0,344.0,5715653.0,intrinsic,central,DAN,,37845.0,PAM04,PAM04,CREa2_medial,DALcm1_medial,dopamine,0.844292977945096,dopamine,Mao & Davis 2009 (immuno),right,,fw038042,,,isomorphic,,,
80715079942933013,720575940624859725,146931.0,37541.0,779.0,144768.0,44328.0,367.0,5715428.0,intrinsic,central,DAN,,37845.0,PAM04,PAM04,CREa2_medial,DALcm1_medial,dopamine,0.7454354289270563,dopamine,Mao & Davis 2009 (immuno),right,,fw038044,,,isomorphic,,,
80715217381734322,720575940612623474,146798.0,39738.0,623.0,148696.0,40144.0,606.0,6331503.0,intrinsic,central,DAN,,61360.0,PAM08,PAM08,CREa2_medial,DALcm1_medial,dopamine,0.8928504906636855,dopamine,Mao & Davis 2009 (immuno),right,,fw038193,FBbt_00111020,,isomorphic,,fru,Cachero 2010: aSP-d;Yu 2010: aSP13
80785586125904604,720575940630498811,147741.0,40303.0,623.0,148401.0,44479.0,388.0,,intrinsic,central,DAN,,74856.0,PAM01,PAM01,CREa2_medial,DALcm1_medial,dopamine,0.8715944409420422,"dopamine; dopamine, nitric oxide",Mao & Davis 2009 (immuno); Aso et al. 2019 (scRNA-seq),right,,fw038194,,,isomorphic,,fru_backfilled,
80715217381724122,720575940631844492,146636.0,39668.0,623.0,147816.0,46848.0,423.0,5716367.0,intrinsic,central,DAN,,103433.0,PAM13,PAM13,CREa2_medial,DALcm1_medial,dopamine,0.8553978621541487,dopamine,Mao & Davis 2009 (immuno),right,,fw038195,FBbt_00111023,,isomorphic,,,
80715217381736087,720575940605221065,147241.0,40125.0,623.0,152520.0,43552.0,568.0,6362604.0,intrinsic,central,DAN,,74856.0,PAM01,PAM01,CREa2_medial,DALcm1_medial,dopamine,0.7917795336246866,"dopamine; dopamine, nitric oxide",Mao & Davis 2009 (immuno); Aso et al. 2019 (scRNA-seq),right,,fw038196,,,isomorphic,,fru_backfilled,
80715217381734344,720575940614677810,146899.0,39782.0,623.0,146696.0,40914.0,457.0,,intrinsic,central,DAN,,61360.0,PAM12,PAM12,CREa2_medial,DALcm1_medial,dopamine,0.8981972644990426,dopamine; dopamine,Mao & Davis 2009 (immuno); Aso et al. 2019 (scRNA-seq),right,,fw038197,FBbt_00100230,,isomorphic,,fru,Cachero 2010: aSP-d;Yu 2010: aSP13
80785586125904541,720575940633541857,147420.0,40220.0,623.0,149560.0,46576.0,389.0,6361862.0,intrinsic,central,DAN,,103433.0,PAM13,PAM13,CREa2_medial,DALcm1_medial,dopamine,0.7889397761681705,dopamine,Mao & Davis 2009 (immuno),right,,fw038198,FBbt_00111023,,isomorphic,,,
80715217381745223,720575940630777631,146596.0,39724.0,623.0,147072.0,48728.0,335.0,5716050.0,intrinsic,central,DAN,,92324.0,PAM05,PAM05,CREa2_medial,DALcm1_medial,dopamine,0.8464212015527371,"dopamine; dopamine, nitric oxide",Mao & Davis 2009 (immuno); Aso et al. 2019 (scRNA-seq),right,,fw038199,FBbt_00111017,,isomorphic,,fru,Cachero 2010: aSP-d;Yu 2010: aSP13
80715079942930990,720575940640747864,147094.0,37809.0,778.0,146799.0,40074.0,535.0,,intrinsic,central,DAN,,37845.0,PAM04,PAM04,CREa2_medial,DALcm1_medial,dopamine,0.5919053665856411,dopamine,Mao & Davis 2009 (immuno),right,,fw038201,,,isomorphic,,,
80715217381731579,720575940628743362,146705.0,39796.0,623.0,148232.0,45344.0,389.0,6361323.0,intrinsic,central,DAN,,168080.0,PAM03,PAM03,CREa2_medial,DALcm1_medial,dopamine,0.4770769133114092,dopamine,Mao & Davis 2009 (immuno),right,,fw038205,FBbt_00100231,,isomorphic,,,
80644779918064891,720575940619322328,146240.0,39490.0,623.0,146696.0,47392.0,355.0,5715935.0,intrinsic,central,DAN,,37845.0,PAM04,PAM04,CREa2_medial,DALcm1_medial,dopamine,0.734849756190922,dopamine,Mao & Davis 2009 (immuno),right,,fw038206,,,isomorphic,,,
80715079942927641,720575940628708139,146992.0,38160.0,778.0,147528.0,45736.0,416.0,5716257.0,intrinsic,central,DAN,,107986.0,PAM02,PAM02,CREa2_medial,DALcm1_medial,dopamine,0.7058017673467545,dopamine; dopamine,Mao & Davis 2009 (immuno); Aso et al. 2019 (scRNA-seq),right,,fw038207,FBbt_00111016,,isomorphic,,fru,Cachero 2010: aSP-d;Yu 2010: aSP13
79870655147348536,720575940631745367,134609.0,37860.0,1979.0,164432.0,42224.0,4729.0,6825974.0,intrinsic,central,DAN,,,PPL102,PPL102,putative_primary,putative_primary,dopamine,0.3868874898588285,dopamine; dopamine,"Mao & Davis 2009 (immuno); Niens et al., 2017 (immuno)",right,,fw038233,FBbt_00111025,,isomorphic,,,
80715079942933490,720575940628609127,146857.0,37788.0,778.0,147144.0,47872.0,420.0,5716127.0,intrinsic,central,DAN,,107986.0,PAM02,PAM02,CREa2_medial,DALcm1_medial,gaba,0.6573637226292404,dopamine; dopamine,Mao & Davis 2009 (immuno); Aso et al. 2019 (scRNA-seq),right,,fw038714,FBbt_00111016,,isomorphic,,fru,Cachero 2010: aSP-d;Yu 2010: aSP13
80715079942928705,720575940639077283,147109.0,38063.0,778.0,146400.0,47872.0,467.0,5715832.0,intrinsic,central,DAN,,103433.0,PAM13,PAM13,CREa2_medial,DALcm1_medial,dopamine,0.8502973376669376,dopamine,Mao & Davis 2009 (immuno),right,,fw038716,FBbt_00111023,,isomorphic,,,
80715217381723196,720575940621216982,146957.0,39853.0,623.0,146016.0,41192.0,435.0,5649403.0,intrinsic,central,DAN,,95523.0,PAM08,PAM08,CREa2_medial,DALcm1_medial,dopamine,0.9195106724643534,dopamine,Mao & Davis 2009 (immuno),right,,fw038717,,,isomorphic,,fru,Cachero 2010: aSP-d;Yu 2010: aSP13
80785448687061101,720575940627194501,147542.0,38118.0,779.0,148736.0,34824.0,810.0,6331507.0,intrinsic,central,DAN,,47196.0,PAM07,PAM07,CREa2_medial,DALcm1_medial,dopamine,0.901405805246308,dopamine; dopamine,Mao & Davis 2009 (immuno); Aso et al. 2019 (scRNA-seq),right,,fw038718,FBbt_00111019,,isomorphic,,fru,Cachero 2010: aSP-d;Yu 2010: aSP13
80715217381733003,720575940622950605,146688.0,39844.0,623.0,146496.0,48664.0,422.0,5715890.0,intrinsic,central,DAN,,107986.0,PAM02,PAM02,CREa2_medial,DALcm1_medial,dopamine,0.7229146441129134,dopamine; dopamine,Mao & Davis 2009 (immuno); Aso et al. 2019 (scRNA-seq),right,,fw038204,FBbt_00111016,,isomorphic,,fru,Cachero 2010: aSP-d;Yu 2010: aSP13
80715217381741332,720575940620390822,147184.0,40086.0,623.0,149024.0,45176.0,397.0,6361651.0,intrinsic,central,DAN,,168080.0,PAM03,PAM03,CREa2_medial,DALcm1_medial,dopamine,0.8778010731736157,dopamine,Mao & Davis 2009 (immuno),right,,fw038818,FBbt_00100231,,isomorphic,,,
81488655293857427,720575940626878460,158359.0,30655.0,2220.0,141240.0,36936.0,560.0,5645266.0,intrinsic,central,DAN,,36624.0,PAM10,PAM10,CREa1_dorsal,BAmd1_dorsal,dopamine,0.8769342788849839,dopamine; dopamine,Mao & Davis 2009 (immuno); Aso et al. 2019 (scRNA-seq),right,,fw039025,FBbt_00110994,,isomorphic,,,
80222567587213121,720575940649649785,139972.0,38879.0,1580.0,137483.0,36167.0,577.0,,intrinsic,central,DAN,,63391.0,PAM01,PAM01,CREa1_dorsal,BAmd1_dorsal,dopamine,0.8767511363642536,"dopamine; dopamine, nitric oxide",Mao & Davis 2009 (immuno); Aso et al. 2019 (scRNA-seq),right,,fw042127,,,isomorphic,,fru,Cachero 2010: aDT-b;Yu 2010: aDT2
80503836271246079,720575940626555800,144209.0,36027.0,680.0,144169.0,36138.0,659.0,,intrinsic,central,DAN,,74856.0,PAM01,PAM01,CREa2_medial,DALcm1_medial,dopamine,0.9202947788145964,"dopamine; dopamine, nitric oxide",Mao & Davis 2009 (immuno); Aso et al. 2019 (scRNA-seq),right,,fw042128,,,isomorphic,,fru_backfilled,
80714598974034585,720575940631198776,147287.0,31306.0,1448.0,144520.0,39408.0,513.0,5647850.0,intrinsic,central,DAN,,108429.0,PAM04,PAM04,CREa1_dorsal,BAmd1_dorsal,dopamine,0.8244776603470476,dopamine,Mao & Davis 2009 (immuno),right,,fw043430,,,isomorphic,,,
80503355436757073,720575940606196098,143581.0,28808.0,2441.0,142912.0,42008.0,382.0,5714580.0,intrinsic,central,DAN,,119763.0,PAM11,PAM11,CREa1_dorsal,BAmd1_dorsal,dopamine,0.7788025672711872,dopamine; dopamine,Mao & Davis 2009 (immuno),right,,fw043467,FBbt_00111022,outlier_bio,isomorphic,,,
80433055411554688,720575940634953079,143161.0,29840.0,2091.0,134592.0,37005.0,629.0,,intrinsic,central,DAN,,119763.0,PAM11,PAM11,CREa1_dorsal,BAmd1_dorsal,dopamine,0.8559084634169498,dopamine; dopamine,Mao & Davis 2009 (immuno),right,,fw043468,FBbt_00111022,,isomorphic,,,
80644573826775325,720575940626455326,146115.0,35788.0,1078.0,135720.0,44664.0,506.0,5025165.0,intrinsic,central,DAN,,72601.0,PAM06,PAM06,CREa1_dorsal,BAmd1_dorsal,dopamine,0.8036763526532813,dopamine,Mao & Davis 2009 (immuno),right,,fw022615,,,isomorphic,,fru_backfilled,
80293004849466955,720575940642733216,140547.0,39862.0,419.0,140527.0,39874.0,427.0,,intrinsic,central,DAN,,49043.0,PAM08,PAM08,CREa1_dorsal,BAmd1_dorsal,dopamine,0.7600706709881797,dopamine,Mao & Davis 2009 (immuno),right,,fw044431,,,isomorphic,,fru_backfilled,
80996623638913396,720575940635779959,150865.0,39419.0,729.0,150775.0,39781.0,676.0,,intrinsic,central,DAN,,107986.0,PAM02,PAM02,CREa2_medial,DALcm1_medial,dopamine,0.6927980883071365,dopamine; dopamine,Mao & Davis 2009 (immuno); Aso et al. 2019 (scRNA-seq),right,,fw044514,,,isomorphic,,fru,Cachero 2010: aSP-d;Yu 2010: aSP13
80011186342461977,720575940630650063,137029.0,35329.0,634.0,136975.0,35372.0,630.0,,intrinsic,central,DAN,,63391.0,PAM01,PAM01,CREa1_dorsal,BAmd1_dorsal,dopamine,0.9021467392788852,"dopamine; dopamine, nitric oxide",Mao & Davis 2009 (immuno); Aso et al. 2019 (scRNA-seq),right,,fw044585,,,isomorphic,,fru,Cachero 2010: aDT-b;Yu 2010: aDT2
80222430013948662,720575940625615248,139949.0,37346.0,541.0,139926.0,37712.0,503.0,,intrinsic,central,DAN,,108429.0,PAM04,PAM04,CREa1_dorsal,BAmd1_dorsal,dopamine,0.7898270548064652,dopamine,Mao & Davis 2009 (immuno),right,,fw044588,,,isomorphic,,,
80714873851586084,720575940615682246,146639.0,35251.0,1167.0,138689.0,41756.0,389.0,,intrinsic,central,DAN,,72601.0,PAM05,PAM05,CREa1_dorsal,BAmd1_dorsal,dopamine,0.7268458503588029,"dopamine; dopamine, nitric oxide",Mao & Davis 2009 (immuno); Aso et al. 2019 (scRNA-seq),right,,fw047740,FBbt_00111017,,isomorphic,,fru_backfilled,
79941230049440251,720575940630397527,136075.0,40862.0,1574.0,136482.0,45952.0,509.0,,intrinsic,central,DAN,,55210.0,PAM12,PAM12,CREa1_dorsal,BAmd1_dorsal,dopamine,0.9151735600972568,dopamine; dopamine,Mao & Davis 2009 (immuno); Aso et al. 2019 (scRNA-seq),right,,fw047758,FBbt_00100230,,isomorphic,,fru,Cachero 2010: aDT-b;Yu 2010: aDT2
80644436320858343,720575940630691159,146316.0,34041.0,967.0,132231.0,37223.0,808.0,,intrinsic,central,DAN,,63391.0,PAM01,PAM01,CREa1_dorsal,BAmd1_dorsal,dopamine,0.8583911918264845,"dopamine; dopamine, nitric oxide",Mao & Davis 2009 (immuno); Aso et al. 2019 (scRNA-seq),right,,fw047774,,,isomorphic,,fru,Cachero 2010: aDT-b;Yu 2010: aDT2
